200447854,117.136.52.26,
200427963,117.136.101.156,
200467582,58.243.250.38,
200456437,117.136.100.122,
200457083,223.240.129.154,
200464157,61.190.70.24,
200464157,223.104.33.130,
200457066,183.160.0.79,
200484575,61.190.40.180,
200484575,223.104.34.25,
200484575,223.104.34.126,
200484575,117.136.100.119,
200167021,223.104.18.69,
200167021,61.191.21.147,
100262402,223.104.34.35,
100262402,223.104.34.124,
100262402,223.104.34.23,
100237689,112.26.67.165,
100238182,58.243.250.183,
200055479,36.59.237.150,
100196135,61.191.21.148,
200060180,100.68.32.62,
200003617,114.105.0.191,
200003617,114.97.76.161,
100134625,116.216.8.1,
100125395,117.136.101.37,
100122017,223.104.18.134,
100122017,117.136.101.241,
200387932,36.16.4.225,
200387932,36.16.4.229,
200387932,36.16.4.188,
200387932,36.16.4.61,
200387932,36.16.5.182,
200387932,36.16.6.2,
200387932,36.16.5.203,
200387932,36.16.6.73,
200387932,36.16.5.235,
100231986,60.166.39.57,
100134817,117.68.156.12,
100183912,114.104.163.198,
200328240,116.216.8.12,
200328240,116.216.8.3,
100122682,183.162.16.86,
100122682,183.162.12.11,
200311896,117.136.101.89,
200311896,223.104.34.109,
200311896,223.104.34.10,
200311896,183.134.51.33,
100133577,120.210.161.136,
100133577,112.26.66.165,
100133577,223.104.33.16,
100133577,223.104.34.110,
100197610,183.162.33.250,
100197610,223.215.232.197,
100216287,117.136.100.38,
200436765,223.240.168.38,
200436765,61.190.89.64,
200447871,120.210.188.242,
200490608,183.162.43.252,
200410811,183.162.11.130,
200070577,123.150.243.215,
200510843,114.242.248.2,
200504166,117.68.242.11,
200504166,117.68.228.253,
100125750,223.240.29.33,
100125750,223.240.19.214,
100132134,112.29.132.16,
100153823,117.136.100.15,
200502543,223.104.33.151,
200292227,223.104.33.178,
200292227,117.136.93.132,
200509983,122.228.62.238,
100133971,124.113.23.131,
100133971,36.4.199.239,
100133971,36.4.197.141,
100133971,14.215.33.57,
100133971,124.113.10.41,
100122325,114.98.12.65,
100233251,223.104.18.108,
200510174,117.136.100.223,
200510174,223.104.33.39,
200501873,117.136.101.86,
200494635,223.104.6.96,
200494635,117.136.75.126,
200528052,60.166.178.193,
200528052,223.243.11.50,
200521563,59.63.189.161,
200528697,223.104.18.186,
200528697,None,
200528697,223.104.6.52,
200523933,117.64.10.55,
100203179,116.216.8.4,
100203179,116.216.8.6,
100203179,116.216.8.15,
100203179,116.216.8.0,
200519530,114.97.103.219,
200519530,114.97.106.172,
200519530,59.63.170.59,
200519530,114.97.110.254,
200519530,114.97.111.147,
200519530,223.104.33.155,
100184805,36.250.168.159,
200045237,117.136.100.217,
100253306,116.216.8.13,
100253306,117.136.100.241,
100253306,60.168.11.40,
200536529,117.71.67.221,
200536529,223.104.33.172,
200536529,223.104.18.11,
200535873,36.59.227.240,
200542028,223.104.33.178,
200542028,124.73.85.102,
200545714,219.137.199.88,
200545714,112.90.149.189,
200545714,117.136.31.221,
100188608,183.162.18.51,
200542061,183.134.51.91,
100121822,60.168.70.73,
200560967,61.133.143.55,
200560967,223.104.34.13,
200549849,223.104.18.145,
200565108,116.216.8.0,
200565108,116.216.8.9,
200565108,110.98.60.140,
200565108,116.216.8.11,
200548989,114.96.131.93,
200548989,114.96.100.252,
200548989,223.215.60.65,
200565051,117.68.148.172,
200565051,223.104.34.69,
200565051,117.68.149.217,
200552002,183.160.183.106,
200551382,60.166.216.249,
200553177,183.162.42.122,
200575738,112.17.237.63,
200599083,180.99.175.175,
200599083,180.99.2.64,
200599083,180.99.60.112,
200591739,117.136.100.104,
200599603,112.26.78.151,
200581952,222.161.208.245,
200581952,183.131.248.83,
200586357,117.136.101.39,
200586357,117.68.186.231,
200586357,223.104.33.174,
200586357,223.104.33.52,
200586357,223.104.34.48,
100162291,183.162.33.85,
200577090,60.174.210.6,
200577090,60.174.210.187,
200585516,183.162.35.7,
200585516,117.64.32.18,
200585516,183.162.16.135,
200583599,223.104.34.62,
200583599,114.98.117.23,
200583599,223.104.33.20,
200597501,58.243.250.61,
200597501,58.243.254.80,
200590877,117.136.100.193,
200590877,117.136.100.161,
200600373,223.104.34.47,
200600373,117.136.101.224,
200600350,117.136.101.166,
200604638,117.136.101.37,
200621462,125.39.170.246,
200621462,223.104.33.171,
200621462,223.104.18.88,
200621462,117.136.100.156,
200621462,223.104.33.183,
200621462,223.104.33.52,
200624885,36.59.238.236,
200603856,183.162.17.202,
200606995,36.59.236.24,
200606995,223.243.16.203,
200627408,36.32.58.95,
200627408,223.104.33.19,
200615290,60.166.213.170,
200615290,36.35.31.196,
200615290,114.97.105.94,
200615290,60.166.212.188,
200615290,117.136.101.9,
200615290,223.104.18.98,
200615290,117.136.101.149,
200613032,114.96.224.188,
200613032,117.136.101.106,
200613032,117.136.100.166,
200615359,59.63.170.56,
200608786,125.114.107.15,
200608786,125.114.76.227,
200608786,223.104.34.8,
200608786,223.104.34.116,
200608786,183.161.217.255,
200608786,183.160.86.104,
200608786,114.96.196.57,
200603491,183.160.252.38,
200602738,223.215.62.234,
200602738,223.240.98.235,
200602738,223.104.33.180,
200602738,60.168.91.44,
200614225,116.216.8.5,
200614225,117.136.101.107,
200614225,117.136.101.165,
200640349,183.162.12.26,
200632393,58.243.250.70,
200632393,58.243.250.115,
200632393,58.243.250.19,
200631869,223.104.33.174,
200631869,60.166.204.69,
200631869,60.168.25.219,
200634919,112.122.3.158,
200634919,112.122.3.157,
200176061,183.162.33.99,
200176061,None,
200169325,117.68.184.178,
200170739,114.97.103.217,
200170739,117.136.100.195,
200145420,223.104.94.48,
200145420,223.240.26.170,
200064570,223.104.27.94,
200064570,117.136.100.237,
200064570,112.26.64.8,
200060079,114.98.71.6,
200039649,117.64.14.184,
200012831,61.132.137.198,
100244455,218.22.10.252,
200001860,120.210.160.9,
100248493,220.178.26.11,
100248493,None,
100248493,183.162.49.202,
100248493,117.136.101.116,
100286549,36.23.165.83,
100286549,36.23.49.196,
100286549,36.23.99.180,
100286549,36.23.32.71,
200001205,117.65.255.83,
100285536,183.161.188.239,
100285536,117.136.68.42,
100231221,114.97.67.48,
100231221,114.97.66.222,
100221441,223.240.72.138,
100221441,117.136.101.40,
100221441,100.124.80.0,
100249777,117.136.101.195,
100249777,117.136.101.109,
100251552,None,
100251552,117.136.100.204,
100251552,60.166.39.52,
100251552,223.104.33.164,
100235950,223.104.5.192,
100238300,223.240.98.33,
100254634,223.240.27.210,
100238577,None,
100255972,114.86.195.220,
100265125,114.107.12.9,
100265125,117.64.250.2,
100216444,120.210.164.16,
100216444,183.162.21.233,
100216444,183.162.39.197,
100214347,117.136.101.30,
100161120,117.136.100.52,
100218498,117.136.100.134,
100218498,117.136.100.12,
100218498,223.104.18.3,
100217366,114.96.40.41,
100217952,None,
100175549,223.104.33.141,
100164198,223.240.161.234,
100173355,101.251.2.31,
100173355,117.136.101.45,
100173355,223.104.33.12,
100173355,117.136.100.221,
100191859,183.162.43.129,
100191859,183.162.1.161,
100191859,208.54.86.199,
100176192,223.104.18.171,
100187447,183.162.23.211,
100187447,183.162.7.237,
100183909,223.104.33.56,
100183909,223.104.33.32,
100183909,223.104.18.83,
100183909,117.136.101.88,
100179224,223.240.40.141,
100179224,223.240.45.89,
100183713,117.64.14.39,
100183713,36.58.237.108,
100183713,36.59.236.247,
100185855,114.96.51.210,
100186733,117.136.101.162,
100186733,223.104.33.148,
100186733,223.104.33.99,
100186733,223.104.34.124,
100177958,116.216.8.7,
100202320,183.162.4.97,
100202320,183.162.35.35,
100198914,117.136.100.254,
100198914,223.240.25.203,
100198914,223.104.33.13,
100195084,58.243.250.64,
100195084,58.243.250.225,
100193276,117.70.27.202,
100123893,None,
100127447,60.166.3.170,
100127444,223.104.18.97,
100127444,114.96.127.142,
100127899,117.67.217.165,
100129721,223.104.33.190,
100129721,223.104.33.54,
100129721,223.104.33.35,
100124733,223.243.91.70,
100124733,58.243.250.224,
100120690,120.210.164.124,
100123293,223.104.5.233,
100131083,223.240.173.118,
100131083,114.97.228.232,
100132320,223.104.34.15,
100132320,223.104.34.78,
100132320,58.243.254.215,
100127675,223.104.18.83,
100125723,58.243.250.7,
100126740,120.209.175.138,
100122752,116.216.8.3,
100122752,116.216.8.10,
100122752,116.216.8.0,
100127738,123.150.196.115,
100124207,117.136.100.41,
100124207,223.104.34.85,
100124207,223.104.33.37,
100124207,223.104.34.68,
100124207,223.104.18.162,
100124207,223.104.18.147,
100124207,223.104.33.170,
100119165,58.38.250.226,
100128545,183.162.19.174,
100128545,183.162.23.187,
100128545,223.215.240.162,
100128545,183.162.34.158,
100128545,60.168.27.140,
100128545,183.162.37.81,
100135857,114.97.226.112,
100131407,58.243.254.109,
100133314,223.104.18.150,
100133314,117.136.101.250,
100133314,117.136.100.145,
100133314,117.136.100.32,
100133314,223.104.34.120,
100126525,183.162.51.105,
100122211,223.104.34.107,
100122211,114.96.119.81,
100122211,117.71.70.48,
100122211,117.71.65.202,
100133559,180.116.140.240,
100133559,183.134.51.163,
100149279,60.168.159.182,
100149274,223.104.33.22,
100149274,223.104.18.164,
100149274,223.104.33.70,
100149274,117.136.101.73,
100154644,183.162.40.248,
100154644,183.162.19.148,
100154644,183.162.16.206,
100162296,223.104.33.167,
100162296,223.104.33.26,
100162296,223.104.18.104,
100162296,223.104.18.155,
100162296,223.104.34.117,
100157138,117.136.100.254,
100147174,202.127.25.120,
100156883,223.241.229.182,
100160110,183.160.219.114,
100163918,117.64.3.24,
100123400,223.104.18.115,
100119652,117.136.100.232,
100119652,223.104.34.107,
100119652,223.104.34.16,
100121799,117.136.93.192,
100121799,223.240.41.242,
200210866,183.160.221.2,
100206441,117.136.100.86,
100133285,223.104.33.159,
100133285,117.136.100.54,
100133285,110.122.39.147,
200128792,58.243.250.43,
100122423,223.104.18.183,
100151639,60.168.94.0,
100151639,223.215.46.168,
100130447,117.136.100.95,
100288040,125.39.160.0,
100124566,117.64.245.29,
100128600,106.39.222.36,
100250069,111.206.94.87,
100250069,117.68.211.208,
100127629,117.136.101.180,
100127629,120.210.162.39,
100127629,117.136.100.168,
100127629,223.104.18.143,
100127629,223.104.18.180,
100127629,117.136.101.104,
100127629,223.104.34.94,
100127629,120.210.163.168,
100127629,117.136.101.242,
100279693,223.243.49.234,
100279693,114.97.107.54,
100279693,223.104.18.159,
100279693,223.104.33.181,
100156929,112.26.67.137,
100156929,58.243.250.247,
100156929,112.26.65.227,
100122985,223.104.18.113,
100122985,211.138.116.178,
100122985,223.104.18.154,
100133899,66.65.94.94,
200066523,223.240.46.182,
200285160,58.243.250.126,
200285160,223.104.34.45,
200285160,100.64.136.205,
200055665,218.23.5.140,
200055665,223.104.18.103,
100159788,223.104.18.86,
100159788,223.104.33.163,
100159788,117.136.101.17,
100188850,223.104.18.131,
200074550,36.58.239.11,
200099160,123.151.136.73,
100216554,117.70.56.177,
100216554,61.190.70.4,
100216554,183.162.36.20,
100216554,183.162.43.17,
100216554,117.65.223.252,
100216554,61.190.70.14,
100216554,183.162.32.28,
100249436,114.96.60.145,
100167734,117.136.100.138,
100167734,117.136.100.234,
100120412,117.136.101.84,
100120412,117.136.101.90,
100120412,121.29.99.178,
100120412,223.104.18.147,
200219379,111.161.31.80,
200219379,114.96.121.212,
200219379,223.104.18.177,
200219379,220.194.65.144,
100133727,94.197.120.185,
200024283,36.59.237.128,
100132130,183.162.33.198,
200093295,111.39.238.105,
100130973,223.104.18.101,
100130973,117.65.181.155,
200164035,117.68.208.97,
200164035,183.162.32.134,
200164035,183.162.1.26,
200164035,183.162.45.52,
200164035,183.162.12.153,
200164035,183.162.43.252,
100224594,14.215.58.77,
100206521,60.166.39.55,
100223095,36.32.7.99,
100223095,36.7.140.88,
200002646,124.77.133.118,
200002646,124.77.35.204,
100120649,220.180.238.97,
100120649,223.104.18.190,
100120649,112.26.64.97,
100123022,223.215.52.158,
100123022,117.136.101.28,
100123022,223.104.34.91,
100227488,117.71.81.220,
100227488,117.65.128.136,
100227488,117.65.154.80,
100227488,36.7.169.230,
100227488,117.71.83.169,
100181383,60.191.37.42,
100135482,60.166.174.86,
100130143,223.104.18.150,
100130143,223.104.34.126,
100119576,117.68.177.117,
100119576,114.98.223.104,
100179873,112.29.132.9,
100179873,58.223.4.222,
100134604,61.190.89.157,
100125988,223.215.8.111,
100125988,223.104.18.18,
100122773,36.59.237.193,
100127549,183.162.0.60,
100127549,183.162.11.72,
100130349,223.104.34.5,
100132180,117.136.78.201,
100125354,120.210.188.93,
100135788,116.216.8.14,
100131578,60.166.61.35,
100185595,112.26.66.200,
200043470,117.136.101.209,
200043470,223.104.18.78,
200043470,223.104.34.32,
200043470,36.59.236.120,
200043470,36.58.237.118,
200043470,36.58.237.199,
200007882,111.206.89.103,
200007882,223.104.18.138,
100162297,183.161.189.62,
100180543,117.136.100.230,
100180543,117.136.100.195,
100180543,120.210.238.19,
100180543,None,
100180543,120.210.189.184,
200314262,223.104.33.174,
200314262,114.96.48.46,
200314262,223.104.33.31,
200314262,114.96.46.170,
200314262,117.136.101.40,
200314262,117.64.88.144,
100163766,183.161.216.5,
100151645,36.33.4.2,
100151645,None,
200312593,117.68.217.9,
200312593,223.104.18.244,
200312593,183.160.190.168,
200297939,223.240.65.158,
100125749,223.104.34.97,
100125749,None,
100135917,60.168.159.182,
100151856,223.104.33.112,
100151856,223.104.33.116,
200141324,120.210.162.0,
200306411,220.180.56.180,
200306411,None,
200306411,117.136.100.254,
200306411,117.136.100.98,
200306411,223.104.34.110,
100224072,114.97.78.37,
100224072,114.96.175.29,
100224072,117.136.100.48,
100224072,183.160.227.1,
100185599,183.160.185.212,
100150272,60.166.110.165,
100150272,112.29.132.12,
100119805,117.136.101.69,
100119805,212.214.188.106,
100130305,223.104.18.175,
100130305,223.104.33.159,
100130305,58.243.2.46,
100134692,223.104.18.121,
100196206,223.104.33.16,
200323309,116.216.8.0,
100246928,61.190.66.2,
200324983,223.214.187.235,
200324983,114.96.190.126,
200324983,60.166.163.78,
100184474,117.136.100.91,
100184474,223.104.34.91,
200245244,114.96.142.146,
200245244,124.113.167.61,
100126672,112.26.65.177,
100126672,117.136.100.180,
100126672,112.26.65.243,
100126672,60.166.149.21,
100181728,223.240.92.235,
200362604,112.26.65.236,
200362604,112.26.64.178,
200341952,117.136.100.233,
200341952,183.162.35.209,
100167989,122.83.29.84,
100167989,223.104.13.37,
100167989,117.136.81.235,
200381408,117.136.100.94,
200381408,61.191.245.54,
200381408,117.136.101.100,
200381408,117.136.100.165,
200381408,223.104.18.41,
200381408,116.216.8.7,
200375786,183.162.19.209,
100162859,100.112.172.90,
200426302,36.58.238.203,
200426045,58.243.254.166,
200426045,58.243.250.61,
200426045,58.243.250.199,
200426045,117.136.101.81,
200444455,223.104.18.76,
200429065,114.98.234.250,
200429065,223.215.230.31,
200429065,36.59.230.104,
200429065,114.97.56.237,
200429065,36.58.229.97,
200429065,114.97.200.10,
200429065,36.58.229.232,
200062618,114.96.160.188,
200427963,58.243.250.27,
200427963,223.104.34.5,
200456437,112.17.237.84,
200457066,183.160.12.185,
200457066,60.168.38.134,
200167021,61.191.21.148,
100262402,117.136.100.88,
100266416,223.104.15.204,
100238182,58.243.254.218,
100238182,124.113.129.118,
100238182,58.243.254.172,
100283305,183.161.249.36,
100246929,183.134.51.90,
100246929,114.96.26.205,
100196135,120.210.238.19,
100196135,60.168.159.183,
100134625,117.136.101.208,
100125395,114.98.103.222,
100125395,218.23.107.119,
100122017,117.136.101.226,
100122017,111.39.236.220,
100122017,223.104.34.96,
100122017,223.104.18.119,
100122017,58.242.66.34,
100122017,223.104.33.22,
100122017,223.104.34.123,
100122017,223.104.33.174,
200387932,36.16.6.92,
200387932,36.16.67.134,
200387932,36.16.5.63,
200387932,36.16.5.140,
200387932,36.16.0.84,
200387932,36.16.132.217,
200387932,36.16.0.44,
200387932,115.237.243.159,
200387932,36.16.5.221,
100231986,60.166.39.55,
100134817,61.190.66.2,
100134817,183.160.248.71,
100134817,117.68.149.173,
200061287,223.104.34.70,
200328240,60.168.8.140,
200328240,116.216.8.2,
100122682,183.162.38.243,
100122682,114.96.43.24,
100122682,183.162.39.90,
100122682,183.162.35.178,
100122682,183.162.25.149,
100122682,183.162.0.237,
200316847,122.228.62.235,
200311896,117.136.100.241,
200311896,183.134.51.41,
200311896,218.77.90.161,
200311896,218.77.90.169,
200039347,223.104.5.197,
200039347,223.104.5.237,
100133577,117.136.100.114,
100133577,117.136.101.254,
100197610,183.162.45.153,
100216287,223.104.33.133,
200490608,218.23.100.50,
200417223,223.240.51.128,
200070577,223.99.163.250,
200510843,61.148.243.220,
200504166,223.240.158.225,
200504166,223.240.145.76,
100125750,124.73.82.213,
100125750,223.104.18.61,
100132134,60.166.104.226,
200417286,36.58.238.242,
200417286,120.210.189.173,
100153823,120.210.238.27,
100121536,60.28.112.95,
200492471,60.168.176.83,
200491759,183.162.1.60,
200502543,117.136.100.227,
200502543,223.104.33.136,
100134687,None,
100134687,223.215.48.215,
200510136,117.136.101.251,
100133971,124.113.3.18,
100133971,36.4.197.109,
100133971,117.136.101.231,
100133971,223.104.33.86,
100233251,223.104.34.46,
100233251,117.136.101.34,
200510174,223.104.33.45,
200501873,114.105.64.64,
200501873,183.162.42.97,
200501873,223.215.240.128,
200491216,183.162.39.237,
200494654,61.190.32.146,
200528052,120.210.238.23,
200528697,223.104.18.54,
100258507,36.58.227.84,
200523933,124.73.41.237,
200523933,124.73.36.184,
200523933,114.97.200.222,
200523933,223.104.34.77,
200523933,223.104.18.60,
200519530,60.28.112.77,
200515485,61.191.25.18,
100268256,117.136.100.196,
100165997,116.1.71.93,
200535419,183.162.21.210,
200535419,183.162.19.127,
200536529,223.104.33.142,
200535873,36.59.229.195,
200546951,60.166.165.98,
200546951,114.105.31.21,
200542028,60.166.216.53,
200542028,223.240.23.22,
200545714,113.65.193.205,
200545714,223.104.1.99,
100188608,183.162.41.122,
200541358,117.136.8.71,
200541358,None,
200541358,101.231.152.68,
200542061,59.63.189.166,
200568702,120.209.175.140,
200558894,120.210.186.33,
200549849,223.104.33.181,
200549849,223.104.18.135,
200565108,117.136.101.23,
200565108,117.136.100.98,
200565108,223.104.34.46,
200548989,183.162.1.180,
200548989,114.96.133.19,
200565051,223.104.33.21,
100228662,223.104.34.18,
100228662,223.104.18.68,
200552002,120.209.175.139,
200552002,117.64.240.3,
200552002,183.160.189.43,
200552002,223.240.140.51,
200553177,183.162.0.134,
200553177,183.162.17.228,
200553177,183.162.40.7,
200590760,117.136.100.213,
100133965,118.194.194.46,
200599083,180.99.65.38,
200599083,180.98.120.201,
200599083,180.98.155.247,
200599603,36.59.229.135,
200599603,112.26.78.180,
200581952,60.28.112.93,
200581952,58.243.254.85,
200592758,220.178.18.58,
200586357,114.98.219.190,
200586357,117.68.187.67,
200586357,114.97.140.178,
200586357,114.98.194.107,
200586357,117.64.85.228,
200586357,120.210.167.158,
200586357,117.68.174.186,
200577090,36.58.227.119,
200594750,117.136.101.42,
200594750,116.216.8.9,
200585516,183.162.46.99,
200585516,183.162.17.123,
200585516,183.162.45.148,
200585516,183.162.35.47,
200585516,183.162.43.176,
100227360,183.162.37.214,
100227360,61.190.39.2,
200583599,60.168.132.90,
200583599,117.136.100.99,
200583599,114.98.105.12,
200583599,114.98.125.5,
200583599,223.104.33.156,
200600373,117.136.100.212,
200600373,117.136.100.42,
200600350,114.107.31.134,
200604638,117.136.100.53,
200621462,223.104.34.25,
200621462,223.104.33.165,
200621462,223.104.34.9,
200621462,117.136.100.82,
200621462,117.136.100.127,
200624885,61.132.135.122,
200603856,183.162.8.136,
200603856,183.162.40.184,
200603856,183.162.46.133,
200603856,183.162.41.234,
200606995,36.58.236.30,
200628501,223.104.33.17,
200625737,183.162.50.110,
200627408,36.35.7.63,
200615290,None,
200615290,223.104.34.122,
200615290,223.240.26.96,
200611955,223.104.33.147,
200611955,218.106.90.58,
200613032,117.136.101.12,
200613032,117.136.100.18,
200613032,60.173.144.219,
200613032,117.136.101.119,
200613032,223.104.33.60,
200616978,117.136.100.114,
200605002,114.104.88.216,
200608802,117.136.100.121,
200608786,60.178.246.35,
200608786,112.17.238.96,
200608786,183.161.201.20,
200608786,223.104.18.69,
200602738,114.96.142.228,
200602738,60.168.92.233,
200614225,117.136.101.195,
200638915,117.136.101.144,
200638915,125.39.160.80,
200638915,None,
200638915,60.173.244.4,
200631869,60.168.3.120,
200631869,60.166.204.104,
200631869,60.166.206.72,
200631869,60.168.20.21,
200643056,220.178.105.91,
200634919,223.88.182.147,
200634919,116.216.8.8,
200642227,61.190.70.24,
200161976,112.26.66.178,
200137867,220.178.18.58,
200170739,223.104.18.140,
200145420,119.1.144.219,
200145420,223.104.94.224,
200145420,223.240.28.213,
200145420,223.104.33.148,
200102635,61.190.70.7,
200064570,112.26.64.189,
200064570,100.124.113.78,
200064570,112.26.67.7,
200064570,112.26.66.44,
200064570,112.26.65.211,
200060079,220.178.113.130,
200060079,120.210.167.186,
200055698,117.136.101.186,
200055698,223.104.33.159,
200039649,223.104.18.146,
200039649,223.104.18.48,
200012831,223.104.33.142,
200027699,61.191.40.75,
200027699,218.22.29.106,
200001860,120.210.161.94,
100248493,114.96.115.159,
100286549,36.23.36.220,
100286549,61.190.170.16,
100285536,223.104.33.24,
100285536,223.104.33.36,
100231221,114.96.161.20,
100231221,117.136.100.43,
100249777,223.243.97.125,
100251552,60.166.39.50,
100238300,114.96.136.194,
100238300,114.105.192.197,
100254634,60.166.212.224,
100277226,36.33.32.153,
100238577,110.98.60.138,
100255972,114.86.192.32,
100265125,36.59.238.93,
100265125,36.58.236.224,
100275822,58.243.250.81,
100216444,183.162.41.54,
100216444,183.162.4.30,
100216444,183.162.13.194,
100214347,223.240.77.221,
100214347,120.210.238.21,
100161120,124.113.137.122,
100161120,114.97.97.118,
100218498,117.136.100.82,
100218498,223.104.33.2,
100218498,223.104.33.6,
100217366,223.104.33.178,
100217952,60.166.139.67,
100217952,117.136.101.136,
100175549,60.168.159.184,
100173355,112.25.249.33,
100173355,223.104.34.114,
100183804,223.104.33.49,
100183804,117.136.100.13,
100174075,117.65.247.83,
100191859,183.162.47.86,
100176192,42.123.65.156,
100176192,59.63.170.56,
100176192,223.104.5.193,
100187447,223.240.170.163,
100187447,223.240.167.173,
100187447,220.179.124.142,
100183909,117.136.100.176,
100183909,117.136.100.188,
100183909,223.104.34.58,
100186733,223.104.34.106,
100189113,218.22.37.2,
100189755,60.168.31.137,
100186249,117.136.101.174,
100186642,60.173.235.11,
100202320,117.68.189.236,
100198914,124.73.82.1,
100193276,117.70.23.236,
100197717,114.97.238.223,
100123893,111.39.236.175,
100127444,117.136.100.6,
100127444,218.104.68.234,
100127444,223.240.172.227,
100127444,117.71.64.17,
100124466,120.210.164.48,
100132519,61.191.40.75,
100124733,58.243.250.42,
100124733,58.243.254.12,
100124401,223.104.34.108,
100120690,221.130.126.231,
100120690,120.210.164.67,
100133694,36.62.0.41,
100135089,183.162.49.34,
100135089,183.162.15.173,
100123293,218.22.25.131,
100123293,117.136.54.120,
100120282,183.162.48.213,
100120282,183.162.35.38,
100124749,223.104.33.50,
100132320,223.104.34.8,
100132320,223.240.80.89,
100132320,58.243.250.183,
100127675,117.136.100.41,
100127675,223.104.34.44,
100127675,223.104.34.40,
100125723,58.243.250.94,
100125723,58.243.254.146,
100132609,223.104.18.20,
100122752,116.216.8.11,
100122752,125.39.179.83,
100122752,116.216.8.6,
100127738,223.104.34.60,
100124207,223.104.34.14,
100124207,223.104.33.51,
100124207,120.210.163.155,
100124207,120.210.163.16,
100124207,117.136.100.146,
100124207,117.136.100.77,
100128545,183.162.24.84,
100128545,183.162.1.213,
100128545,60.166.204.5,
100128545,36.59.237.67,
100128545,36.59.238.80,
100128545,223.215.230.249,
100135857,183.160.219.184,
100133314,223.104.16.80,
100122211,117.71.69.226,
100122211,None,
100122211,117.71.68.20,
100158281,124.73.175.32,
100149046,117.64.24.226,
100149046,61.191.40.75,
100151248,60.173.233.158,
100151248,183.160.181.89,
100133559,114.228.148.49,
100133559,222.188.135.73,
100133559,222.185.135.120,
100133559,60.28.235.118,
100130081,114.96.65.80,
100149279,None,
100149274,117.136.101.244,
100154644,114.96.114.247,
100154644,183.162.34.252,
100154644,183.162.39.179,
100166629,220.178.101.66,
100166629,114.107.15.130,
100162296,223.104.33.84,
100162296,223.104.18.117,
100162296,117.136.100.222,
100157138,114.96.7.138,
100157138,223.104.18.1,
100157138,117.136.100.25,
100157138,117.136.100.69,
100157138,120.210.161.103,
100157138,223.104.33.32,
100153093,223.240.13.221,
100147174,183.162.50.189,
100156883,None,
100160110,223.104.34.121,
100123400,117.136.100.192,
100119948,100.68.162.234,
100119652,223.104.33.159,
100121799,223.104.3.167,
100121799,60.168.73.205,
100121799,223.240.50.161,
100248777,111.39.248.91,
100248777,223.104.18.141,
100248777,223.104.33.5,
100248777,117.64.241.1,
100267572,223.104.94.224,
100272718,117.136.101.253,
100270573,125.39.179.89,
100270573,61.190.70.2,
100273220,183.162.50.224,
200230148,61.190.40.180,
100194613,140.243.162.64,
100194613,140.243.133.76,
100133285,223.104.33.158,
200128792,58.243.250.205,
100147318,223.104.18.178,
100147318,117.71.71.36,
100151639,58.243.254.98,
100130447,223.104.34.3,
100284083,218.22.45.178,
200254573,223.104.5.229,
100122419,112.26.67.57,
100124566,58.243.250.218,
200287139,183.160.3.45,
100200822,173.15.140.241,
200051701,117.64.155.127,
100250069,117.136.101.57,
100250069,223.104.33.186,
100250069,118.212.135.113,
100250069,118.212.135.114,
100250069,117.136.101.66,
100250069,117.136.100.86,
100127629,120.210.163.235,
100127629,117.136.100.245,
100127629,117.136.101.47,
100127629,117.136.100.160,
100132516,120.209.175.137,
100130461,125.39.170.246,
100156929,58.243.250.83,
100122985,223.104.18.99,
100122985,223.104.33.179,
200066523,183.162.48.64,
200066523,183.162.41.138,
200285160,100.64.141.37,
200285160,58.243.254.176,
200172723,114.96.144.51,
200055665,223.104.2.175,
100159788,223.104.33.132,
100159788,117.136.100.79,
200298678,223.104.18.71,
100169497,183.162.45.118,
100216554,117.65.218.10,
100216554,223.215.230.21,
100249436,223.243.95.63,
100249436,117.64.81.54,
100249436,60.166.82.95,
100249436,58.243.250.153,
100167734,117.136.100.168,
100126069,61.190.22.132,
100121946,58.243.254.29,
100120412,220.178.34.98,
100120412,110.98.60.130,
100120412,223.104.34.43,
100127377,223.104.33.81,
200219379,None,
100133727,223.104.34.118,
100133727,223.104.33.21,
100123856,114.96.34.231,
100123856,None,
100132130,202.127.25.120,
100132130,183.162.38.167,
200093295,220.178.50.194,
100224594,14.215.43.76,
100216882,117.67.216.10,
100216882,183.160.191.86,
100216882,183.160.253.250,
100120649,120.210.189.199,
100123022,223.104.31.219,
100123022,117.136.100.134,
100122076,61.191.202.19,
100121204,223.104.34.68,
100120233,120.210.189.5,
100227488,117.136.101.212,
100135482,60.166.190.19,
100130143,60.28.112.77,
100130143,112.26.67.36,
100130143,223.104.34.58,
100130143,122.228.62.237,
100130143,117.136.100.114,
100130143,100.102.80.192,
100130143,117.136.101.118,
100133688,124.50.249.205,
100119576,221.177.253.27,
100119576,114.97.145.53,
100179873,61.191.40.75,
100179873,112.29.132.4,
100179873,112.29.132.17,
100125988,183.160.68.237,
100188366,223.240.163.254,
100188366,114.97.229.195,
100188366,183.160.204.154,
100122773,114.107.24.150,
100122773,203.142.75.213,
100130349,117.136.100.139,
100135788,116.216.8.0,
100185595,220.178.50.194,
100185595,112.26.65.130,
200043470,124.73.166.162,
200043470,117.136.100.150,
200043470,223.104.34.73,
200043470,36.59.237.74,
200043470,36.58.239.91,
200043470,36.58.236.204,
200007882,220.178.74.154,
200007882,223.104.33.43,
100180543,223.104.18.150,
100180543,100.124.28.154,
100180543,223.104.33.9,
200314262,60.166.82.45,
200314262,223.243.94.5,
200314262,223.104.33.85,
200312593,223.240.134.127,
100124904,220.178.68.41,
100124904,58.243.250.166,
100124904,58.243.254.165,
200146337,114.97.97.70,
200297939,114.96.74.60,
100227776,117.64.54.230,
100125749,117.64.112.3,
100135917,223.104.33.158,
100151856,223.104.34.60,
100151856,223.104.34.119,
100151856,120.210.163.81,
200115804,117.136.101.34,
200141324,111.39.248.54,
100224072,114.97.82.128,
100224072,117.136.101.109,
100129922,220.178.116.101,
100150272,60.166.124.212,
100130305,117.136.100.79,
100134692,223.240.142.89,
100134692,117.67.220.38,
200210897,112.122.3.187,
100196206,218.77.90.20,
100196206,117.136.101.160,
100196206,223.104.33.29,
100196206,220.168.132.209,
200060149,1.204.125.226,
200060149,1.204.122.52,
200020871,60.173.179.141,
200020871,183.162.9.110,
200323309,117.136.100.199,
100246928,117.68.223.200,
200330310,117.65.226.70,
200324983,60.166.185.30,
200324983,60.166.188.153,
200324983,223.243.10.158,
200331337,183.160.200.142,
200331337,114.97.239.210,
200047924,58.243.250.71,
200047924,None,
100184474,223.104.34.60,
200245244,114.96.135.41,
200245244,182.206.97.192,
100122857,60.166.67.110,
100126672,223.104.33.182,
100126672,60.166.157.61,
100126672,117.136.100.27,
100126672,114.107.5.46,
200315662,117.136.100.97,
200315662,183.160.206.3,
100181728,223.240.69.69,
100181728,223.104.18.53,
200332936,183.162.32.126,
200362604,112.26.66.14,
200362604,120.210.189.217,
200362604,None,
200362604,112.26.67.138,
200341952,223.104.33.171,
200341952,124.73.40.249,
200341952,223.104.33.13,
200341952,223.104.18.75,
200381408,183.134.51.91,
200381408,223.104.33.84,
200381408,117.136.100.252,
200381408,61.191.253.254,
200381408,117.136.100.143,
200381408,223.104.34.11,
200381408,116.216.8.12,
200381408,223.104.34.48,
200375786,61.191.99.91,
200375786,114.106.120.253,
200375786,183.162.42.146,
200375786,36.59.236.82,
200375786,124.73.92.153,
200375786,117.71.185.74,
200375786,117.71.253.172,
200375786,117.71.254.118,
100162859,114.98.234.110,
100162859,112.26.66.120,
100162859,114.98.228.172,
200407881,210.13.123.130,
200426302,36.58.237.124,
200426302,183.161.177.131,
200426302,36.58.239.89,
200426302,36.58.237.201,
200426045,58.243.254.144,
200426045,58.243.254.225,
200426045,58.243.250.178,
200426045,223.104.33.51,
200444455,61.190.43.114,
200429065,106.37.56.37,
200429065,223.215.241.46,
200062618,61.191.40.75,
200062618,223.215.240.203,
200427963,183.162.35.189,
200427963,117.136.0.47,
200427963,223.104.18.164,
200460758,218.22.47.82,
200464157,223.104.34.57,
200464157,223.104.18.157,
200457066,183.160.8.98,
200167021,112.27.197.38,
200167021,60.168.159.189,
200055479,36.58.236.28,
100196135,223.104.33.4,
100196135,61.191.21.147,
100196135,223.104.18.173,
200003617,218.23.43.90,
200003617,114.97.68.48,
100134625,223.104.33.7,
100123357,223.240.89.0,
100125395,117.136.101.128,
100125395,117.136.18.95,
100125395,117.136.18.72,
100122017,None,
100122017,223.104.33.55,
100122017,117.136.100.76,
200387932,36.16.67.87,
200387932,36.16.128.147,
200387932,None,
200387932,36.16.5.229,
200387932,36.16.5.181,
200387932,36.16.5.96,
200387932,36.16.5.5,
100134817,117.68.153.166,
200061287,117.136.101.185,
200328240,114.96.185.254,
100122682,183.162.44.42,
200311896,223.104.34.113,
200311896,183.162.48.147,
200311896,117.136.100.250,
100133577,117.136.100.252,
100133577,120.210.188.169,
100133577,100.65.22.13,
100216287,223.104.34.46,
100263049,120.210.160.9,
200436765,None,
200368356,58.17.121.105,
200070577,218.104.136.6,
200510843,114.242.249.194,
200510843,61.148.243.44,
100125750,60.166.216.202,
100125750,124.73.86.92,
100125750,124.73.91.93,
200417286,36.58.237.80,
200502543,117.136.100.148,
100134687,60.173.200.142,
100133971,124.113.4.109,
100133971,124.113.6.242,
100233251,223.104.34.19,
200510174,223.104.33.38,
200501873,183.162.19.60,
200501873,183.162.45.100,
200493822,60.166.111.142,
200528052,114.96.184.241,
200528052,114.105.2.222,
200528052,114.105.20.41,
200221891,183.162.16.196,
200221891,183.160.204.243,
200528697,223.104.34.61,
200523933,120.210.238.29,
200523933,223.243.97.75,
100203179,116.216.8.9,
100203179,116.216.8.13,
100203179,111.206.89.98,
200519530,59.63.170.56,
200526679,223.104.18.198,
100267013,36.63.113.37,
100269810,122.228.62.234,
100134717,223.240.113.210,
100253306,123.150.107.179,
200545714,112.90.231.29,
200545714,None,
200545714,117.136.79.45,
200545714,117.64.129.60,
200545714,117.65.227.184,
200545714,219.137.198.128,
200545714,113.65.192.119,
200545714,219.137.199.237,
200545714,219.136.43.181,
200550470,60.166.230.0,
100121822,124.113.151.171,
100121822,60.168.67.103,
100121822,223.240.48.160,
200560967,223.104.33.179,
200560967,223.104.34.39,
200549849,223.104.33.17,
200549849,223.104.34.102,
200568887,183.162.37.251,
200573851,120.210.163.243,
200553011,223.104.34.3,
200553011,223.104.34.93,
200565108,116.216.8.8,
200565108,223.104.34.25,
200548989,223.215.44.235,
200548989,117.68.212.253,
200565051,117.68.220.155,
100228662,223.104.33.130,
200552002,223.240.134.174,
200552002,120.209.175.140,
200552002,183.160.178.174,
200552002,117.68.220.166,
200551382,183.162.45.23,
200553177,183.162.38.161,
200553177,183.162.10.105,
200553177,183.162.44.30,
200575738,1.47.75.150,
200590388,106.39.51.100,
200599083,180.98.38.239,
200599083,180.98.21.228,
200591739,210.45.117.89,
200599603,36.59.224.155,
200599603,36.59.230.146,
200599603,124.113.25.162,
200586357,223.104.34.121,
200586357,114.98.212.147,
200586357,117.68.172.9,
200586357,112.26.66.121,
100162291,183.162.17.6,
200577090,60.166.5.155,
200594750,60.171.8.46,
200594750,None,
200594750,117.136.100.206,
200585516,183.162.19.180,
200585516,36.63.101.231,
200585516,183.162.2.81,
200583599,183.160.78.66,
200583599,223.104.18.156,
200597501,183.160.243.202,
200600373,223.104.18.187,
200600373,223.104.34.98,
200621462,183.160.200.57,
200621462,117.136.100.237,
200621462,223.104.33.175,
200621462,122.228.62.235,
200621462,117.136.101.240,
200621462,223.104.18.31,
200621462,117.136.101.117,
200619229,223.104.18.100,
200626527,122.96.45.245,
200626527,122.96.42.191,
200625671,117.136.79.53,
200603856,183.162.11.95,
200603856,183.162.51.94,
200627408,36.35.5.159,
200627408,223.104.33.26,
200627408,117.136.100.235,
200627408,36.32.30.186,
200615290,117.136.100.9,
200615290,36.34.11.217,
200615290,117.136.101.116,
200615290,60.174.109.138,
200615290,117.136.100.198,
200615290,36.35.31.65,
200611955,223.104.18.103,
200615359,None,
200608802,36.7.150.196,
200608802,183.162.49.35,
200606612,183.161.228.152,
200608786,112.17.235.81,
200608786,None,
200608786,120.210.164.119,
200608786,120.210.238.27,
200608786,183.160.95.248,
200616584,117.136.101.222,
200608440,60.166.61.35,
200608440,223.104.18.243,
200602738,117.136.101.140,
200602738,114.96.136.172,
200602738,223.215.36.209,
200602738,117.136.100.163,
200614225,220.248.245.172,
200614225,None,
200614225,223.104.33.50,
200638915,60.166.69.26,
200632393,114.97.111.198,
200632393,58.243.254.195,
200632393,58.243.250.177,
200631869,60.166.192.161,
200631869,60.168.18.62,
200631869,60.168.8.179,
200631869,60.168.28.18,
200631869,223.104.34.49,
200631869,117.136.101.160,
200643056,223.104.18.124,
200643056,117.136.100.84,
200643056,223.104.18.144,
200643020,112.26.65.242,
200634919,112.122.3.184,
200161976,223.240.10.101,
200176061,183.162.47.204,
200176061,183.162.15.208,
200176061,183.160.199.186,
200176061,183.162.40.187,
200170739,223.104.18.62,
200170739,223.240.22.2,
200145420,223.104.94.18,
200145420,111.124.43.146,
200145420,124.73.87.139,
200145420,114.97.98.54,
200145420,114.97.111.56,
200145420,223.104.34.28,
200149540,223.104.33.43,
200064570,60.170.110.181,
200064570,112.26.65.168,
200070406,223.104.33.30,
200055698,117.136.38.224,
200055698,223.104.18.103,
200039649,223.104.34.27,
200001860,120.210.160.135,
100248493,223.104.33.152,
100248493,223.104.33.28,
100286549,36.23.18.46,
100284833,183.161.252.153,
100285536,223.104.18.36,
100231221,114.97.80.101,
100231221,60.166.234.145,
100221441,223.104.34.10,
100221441,223.104.18.84,
100221441,100.124.78.97,
100221441,117.136.100.143,
100249777,60.168.48.144,
100251552,223.104.18.99,
100238300,117.136.101.66,
100254634,223.240.17.236,
100277226,120.210.165.170,
100256644,112.17.245.173,
100280286,183.162.25.156,
100280286,218.82.167.210,
100238577,183.160.217.194,
100255972,116.237.5.135,
100265125,60.166.52.55,
100265125,36.58.238.252,
100265125,60.166.131.61,
100275822,58.243.250.51,
100216444,183.162.15.117,
100216444,183.162.1.133,
100216444,183.162.43.181,
100218498,223.104.33.18,
100217366,223.104.34.100,
