00000200572662,218.202.106.201
00000200566471,120.210.238.25
00000200571142,183.166.57.138
00000200575951,117.57.209.84
00000200575951,183.162.43.13
00000200575951,117.57.213.109
00000200588982,117.136.100.47
00000200588982,117.136.101.142
00000200588982,36.59.237.109
00000200588982,117.136.100.59
00000200588982,117.136.100.251
00000200588982,117.136.100.26
00000200576576,183.166.116.85
00000200576576,114.100.130.104
00000200588455,117.136.100.139
00000200588455,100.83.51.194
00000200588455,36.59.236.251
00000200588455,100.83.23.247
00000200588447,223.104.18.50
00000200588437,223.104.33.14
00000200588437,120.210.238.16
00000200588437,223.104.18.251
00000200598725,117.136.101.143
00000200598725,223.104.34.41
00000200598725,223.104.34.105
00000200598725,223.104.18.17
00000200576358,112.26.227.45
00000200576358,58.242.245.179
00000200576358,112.26.227.54
00000200574638,117.136.100.146
00000200598075,117.136.94.68
00000200598075,117.136.93.201
00000200579015,58.243.250.126
00000200579015,58.243.250.47
00000200618425,223.215.232.177
00000200618425,60.171.25.132
00000200619096,223.104.34.111
00000200619096,117.136.101.151
00000200619096,112.26.227.218
00000200627199,117.71.19.54
00000200607360,None
00000200609372,223.104.33.68
00000200609372,117.136.101.25
00000200609372,223.104.18.5
00000200626324,58.242.44.34
00000200626324,58.242.245.180
00000200629020,183.162.4.25
00000200624530,117.69.45.148
00000200630756,59.63.170.57
00000200610660,58.242.44.35
00000200610660,58.242.44.36
00000200610660,36.58.239.15
00000200610660,117.57.210.198
00000200610660,114.100.136.196
00000200622508,59.63.170.56
00000200622508,117.136.100.210
00000200636331,221.130.131.241
00000200636331,120.209.175.141
00000200636331,117.136.100.75
00000200638773,58.243.250.138
00000200638773,58.243.250.208
00000200638043,60.175.103.182
00000200638043,183.162.26.137
00000200635344,117.136.101.120
00000200639406,223.104.18.197
00000200637309,58.243.254.20
00000200636643,223.104.34.52
00000200636643,183.162.38.176
00000200636643,183.162.20.69
00000200636643,183.162.42.35
00000200637338,117.136.66.100
00000200639324,36.58.239.8
00000200635960,36.62.81.250
00000200635960,36.62.61.156
00000200635694,221.130.131.241
00000200635877,114.100.152.171
00000200633745,183.162.1.188
00000200633745,114.101.140.192
00000200641928,183.162.41.242
00000200641648,223.244.106.105
00000200641648,117.136.101.198
00000200566471,None
00000200571142,223.245.220.90
00000200575951,183.166.122.22
00000200575951,183.162.49.183
00000200582800,117.68.42.78
00000200582800,112.26.235.103
00000200588982,117.136.100.30
00000200588982,117.136.100.7
00000200588982,223.104.34.14
00000200588982,117.136.100.45
00000200588982,223.104.18.51
00000200587706,114.101.216.186
00000200587706,223.215.143.56
00000200576576,61.191.40.75
00000200600990,123.150.243.213
00000200588455,100.83.122.81
00000200588455,223.244.124.49
00000200588455,223.104.18.99
00000200588447,223.104.33.30
00000200588437,223.104.18.15
00000200598725,223.104.34.93
00000200598725,223.104.18.158
00000200598725,117.136.100.250
00000200595261,114.101.230.184
00000200584475,36.32.199.149
00000200584475,36.33.203.222
00000200594974,220.178.202.162
00000200574745,223.104.18.36
00000200574638,223.104.18.166
00000200574638,223.104.18.47
00000200574638,223.104.34.52
00000200598075,117.136.94.176
00000200598075,117.136.101.187
00000200598075,223.104.18.175
00000200579015,58.243.254.91
00000200579015,120.210.172.167
00000200619096,120.210.172.149
00000200619096,117.136.100.109
00000200627199,117.71.19.59
00000200627199,117.71.19.52
00000200607360,183.162.32.196
00000200607360,183.166.41.121
00000200609372,100.115.21.87
00000200609372,117.136.101.108
00000200609372,223.104.34.93
00000200626324,None
00000200624530,223.244.76.233
00000200624530,58.243.250.126
00000200628483,183.166.122.130
00000200628483,183.166.114.82
00000200610660,223.240.249.189
00000200610660,36.58.238.137
00000200611528,117.136.100.94
00000200622745,223.244.76.233
00000200622745,223.104.18.230
00000200622745,117.69.45.148
00000200636331,120.209.175.143
00000200636331,117.136.100.175
00000200636331,117.136.100.1
00000200638773,58.243.250.67
00000200638773,59.63.170.57
00000200638773,59.63.170.58
00000200635344,223.104.33.156
00000200635344,223.104.33.176
00000200637309,58.243.254.15
00000200637309,58.243.254.175
00000200636643,120.210.238.22
00000200636643,58.243.75.27
00000200636643,183.162.18.211
00000200636643,58.243.75.163
00000200636643,223.215.225.148
00000200637338,124.79.36.4
00000200639324,36.58.237.142
00000200631629,117.136.101.241
00000200635960,117.136.101.156
00000200635960,36.62.62.165
00000200635960,36.62.60.243
00000200633486,117.69.9.219
00000200633445,117.69.24.61
00000200635877,60.175.88.20
00000200635877,114.101.156.91
00000200635877,114.100.149.187
00000200633745,114.101.142.48
00000200633745,183.162.21.9
00000200641928,183.162.4.196
00000200641648,117.136.101.82
00000200566471,222.44.86.177
00000200566471,120.209.41.104
00000200575951,114.100.136.9
00000200575951,223.215.241.207
00000200582800,114.104.65.53
00000200588982,117.136.100.54
00000200588982,117.136.101.3
00000200588982,117.136.101.99
00000200588982,223.104.33.21
00000200588982,117.136.101.174
00000200588982,223.104.18.23
00000200588982,223.104.34.64
00000200588982,117.136.100.233
00000200576576,None
00000200577250,117.57.212.141
00000200577250,183.162.20.73
00000200577250,117.57.227.110
00000200588455,100.83.23.142
00000200588455,100.83.51.183
00000200598725,223.104.34.48
00000200598725,117.136.101.244
00000200598725,223.104.34.10
00000200598725,117.136.101.130
00000200595261,114.101.225.212
00000200598075,117.136.101.248
00000200598075,None
00000200598075,223.104.18.177
00000200598075,117.136.77.152
00000200598075,117.136.77.142
00000200579015,58.243.250.253
00000200618425,117.57.238.191
00000200618425,114.100.133.81
00000200619096,112.26.227.239
00000200619096,223.104.34.59
00000200619096,223.104.18.165
00000200619096,112.26.227.227
00000200627199,117.71.19.62
00000200604554,100.115.76.120
00000200607360,183.162.19.6
00000200609372,100.115.76.125
00000200623648,117.57.225.127
00000200626324,223.104.34.55
00000200626324,117.136.100.92
00000200629020,223.244.70.141
00000200629020,183.162.36.29
00000200610660,58.242.245.180
00000200610660,58.242.44.34
00000200622508,59.63.170.58
00000200636331,223.215.132.190
00000200636331,117.136.100.169
00000200636331,120.209.175.137
00000200636331,120.209.175.139
00000200636331,114.100.147.210
00000200636331,120.209.175.142
00000200636331,223.104.34.11
00000200636331,117.136.101.64
00000200638773,None
00000200638773,220.178.202.162
00000200638773,58.243.254.111
00000200637309,222.185.126.38
00000200636643,223.104.33.112
00000200636643,183.162.37.49
00000200636643,112.26.70.140
00000200636643,117.136.100.124
00000200637338,None
00000200639324,36.59.237.9
00000200635960,223.104.33.153
00000200635960,223.104.18.147
00000200635960,223.104.33.29
00000200633445,117.136.100.78
00000200633445,218.22.161.230
00000200635694,117.136.101.64
00000200635877,124.113.204.82
00000200635877,60.175.75.253
00000200633745,114.100.181.95
00000200641928,None
00000200641928,223.104.34.122
00000200641928,223.104.34.109
00000200641648,117.136.52.84
00000200641648,117.136.52.108
00000200566444,223.104.33.107
00000200566444,223.104.34.18
00000200566444,120.210.172.146
00000200572662,123.178.137.130
00000200575951,60.167.166.9
00000200575951,114.100.136.106
00000200575951,183.162.8.101
00000200575951,183.162.35.130
00000200582800,None
00000200582800,114.104.36.206
00000200582800,117.68.26.136
00000200588982,117.136.100.181
00000200588982,117.136.101.238
00000200588982,223.104.34.102
00000200588982,117.136.100.215
00000200576576,114.100.129.64
00000200577250,183.166.24.170
00000200588455,223.104.33.97
00000200588437,223.104.18.104
00000200588437,223.104.33.18
00000200598725,223.104.33.119
00000200598725,223.104.34.115
00000200598725,223.104.34.106
00000200598725,117.136.100.26
00000200598725,117.136.100.48
00000200598725,117.136.100.76
00000200598725,223.104.34.46
00000200598725,223.104.33.70
00000200598725,117.136.101.29
00000200598725,117.136.100.96
00000200598725,223.104.34.78
00000200598725,223.104.18.43
00000200584475,223.104.18.185
00000200584475,36.32.193.140
00000200584475,36.33.203.179
00000200594974,120.209.46.47
00000200574638,223.104.34.42
00000200574638,223.104.18.135
00000200598075,58.242.245.178
00000200598075,117.136.9.11
00000200598075,117.136.101.175
00000200579015,112.26.227.249
00000200579015,120.210.172.191
00000200579015,58.243.250.1
00000200619096,223.104.34.114
00000200619096,117.136.101.158
00000200607360,218.22.167.10
00000200607360,183.162.49.140
00000200626324,223.104.34.123
00000200624530,117.136.101.89
00000200610660,36.58.237.23
00000200611528,223.104.34.12
00000200622745,58.243.250.126
00000200636331,60.175.107.116
00000200636331,117.136.100.211
00000200636331,223.104.18.131
00000200636331,117.136.101.193
00000200638773,112.26.70.185
00000200638773,58.243.254.158
00000200635344,112.26.77.179
00000200635344,117.136.101.58
00000200635344,112.26.70.151
00000200639406,None
00000200639406,58.242.245.178
00000200637309,58.243.254.252
00000200636643,223.104.34.20
00000200636643,223.104.18.39
00000200636643,58.243.75.249
00000200636643,112.122.196.180
00000200636643,223.215.240.104
00000200636643,36.59.238.18
00000200636643,223.104.33.30
00000200636643,112.26.227.170
00000200637338,124.79.60.90
00000200639324,36.58.236.26
00000200633486,183.162.1.188
00000200633486,183.162.21.9
00000200635694,117.136.100.211
00000200635828,112.122.3.152
00000200635877,36.6.6.39
00000200635877,223.245.247.75
00000200641928,183.162.26.169
00000200641928,223.104.18.138
00000200641928,223.104.18.113
00000200641648,36.56.50.224
00000200641648,223.104.33.113
00000200641648,223.104.34.82
00000200568987,123.150.243.217
00000200572662,221.130.131.241
00000200572662,112.26.227.98
00000200572662,211.138.184.201
00000200572662,58.243.254.44
00000200575951,183.162.42.134
00000200588982,117.136.101.68
00000200588982,223.104.34.94
00000200588982,223.104.34.59
00000200576576,114.100.132.85
00000200576576,183.166.120.114
00000200577250,117.57.234.13
00000200577250,183.166.125.186
00000200588455,100.83.88.74
00000200588455,100.83.156.167
00000200588455,100.83.56.87
00000200588447,120.210.238.26
00000200588437,223.104.18.51
00000200588437,117.136.101.83
00000200598725,117.136.101.180
00000200598725,223.104.34.123
00000200598725,223.104.18.51
00000200584475,36.32.199.144
00000200584475,120.209.175.139
00000200584475,36.35.169.206
00000200576358,112.26.77.148
00000200574745,183.166.122.243
00000200574638,117.136.101.141
00000200598075,223.245.227.5
00000200598075,58.242.44.34
00000200598075,117.136.94.210
00000200598075,223.104.2.25
00000200598075,117.136.101.34
00000200600089,100.83.179.188
00000200579015,58.243.250.226
00000200579015,58.243.254.29
00000200579015,58.243.250.166
00000200579015,58.243.250.67
00000200618425,183.162.23.239
00000200619096,223.104.34.62
00000200604554,100.115.23.171
00000200607360,183.166.118.149
00000200607360,114.100.133.146
00000200609372,None
00000200609372,117.57.204.83
00000200609372,223.104.33.105
00000200609372,223.104.34.19
00000200626324,117.136.100.137
00000200624530,117.136.100.216
00000200624530,223.104.33.65
00000200622508,223.104.34.82
00000200622745,117.136.100.56
00000200622745,223.104.18.15
00000200622745,223.104.34.113
00000200636331,120.209.175.138
00000200636331,58.242.244.18
00000200636331,120.209.175.140
00000200636331,114.100.159.57
00000200636331,223.215.157.191
00000200638773,58.243.250.102
00000200638773,58.243.250.218
00000200638773,58.243.254.101
00000200638773,58.243.254.116
00000200638773,58.243.250.151
00000200638773,58.243.254.133
00000200638773,58.243.250.39
00000200638043,183.162.25.87
00000200637309,123.155.118.128
00000200637309,58.243.250.110
00000200636643,112.122.196.235
00000200636643,117.136.24.253
00000200636643,183.162.5.135
00000200636643,183.162.7.110
00000200639324,36.59.237.18
00000200635960,36.62.60.100
00000200635960,36.62.60.97
00000200635960,117.136.100.31
00000200635960,223.104.34.56
00000200635694,120.209.175.142
00000200633745,117.71.150.13
00000200633745,117.69.9.219
00000200642527,183.166.7.2
00000200641648,117.136.101.212
00000200641648,36.56.57.223
00000200641648,117.136.81.111
00000200568987,58.242.240.134
00000200572662,120.209.175.138
00000200572662,58.243.254.117
00000200596231,220.178.209.163
00000200575951,223.244.121.224
00000200575951,183.162.16.220
00000200575951,183.162.50.78
00000200582800,60.173.133.48
00000200588982,223.104.33.33
00000200588982,223.104.18.144
00000200588982,223.104.18.159
00000200588982,117.57.219.78
00000200588982,223.104.18.156
00000200588982,223.104.34.56
00000200588982,117.136.101.46
00000200588982,223.104.33.7
00000200576576,223.245.193.85
00000200577250,183.166.116.49
00000200577250,183.162.19.28
00000200588455,100.83.82.217
00000200588455,36.59.238.91
00000200588455,None
00000200574818,183.166.125.105
00000200588437,223.104.18.121
00000200598725,117.136.100.93
00000200598725,223.104.34.80
00000200598725,117.136.101.93
00000200598725,117.136.101.84
00000200598725,117.136.100.204
00000200598725,223.104.34.44
00000200595261,223.245.210.75
00000200584475,36.32.195.223
00000200594974,100.115.24.43
00000200578916,183.166.122.143
00000200598075,117.136.100.95
00000200598075,223.104.34.115
00000200598075,117.136.77.215
00000200598075,117.136.94.91
00000200579015,58.243.254.244
00000200579015,218.22.167.10
00000200579015,58.243.250.231
00000200579015,112.26.227.238
00000200618425,117.57.224.80
00000200619096,112.26.227.213
00000200627199,218.77.90.20
00000200627199,117.71.19.56
00000200609372,223.104.34.55
00000200609372,114.100.190.51
00000200609372,223.104.34.107
00000200609372,223.104.18.215
00000200609372,117.136.100.51
00000200626324,117.136.100.189
00000200626324,223.104.33.82
00000200624530,223.104.18.15
00000200624530,223.104.34.113
00000200610660,36.59.238.136
00000200610660,None
00000200610660,36.58.238.148
00000200622508,223.104.33.101
00000200622745,117.71.154.50
00000200622745,223.104.33.65
00000200615758,122.228.62.151
00000200636331,120.209.175.136
00000200636331,117.136.101.59
00000200638773,58.243.254.173
00000200639406,117.136.101.249
00000200637309,123.155.121.231
00000200637309,218.3.70.74
00000200636643,183.162.34.65
00000200636643,112.26.227.22
00000200636643,58.243.72.121
00000200636643,183.162.50.157
00000200636643,117.136.100.215
00000200637338,58.243.73.153
00000200637338,112.26.77.139
00000200639324,36.59.237.142
00000200639324,36.59.238.0
00000200631629,None
00000200631629,117.136.100.197
00000200635960,117.136.100.162
00000200635960,223.104.18.219
00000200635960,36.62.61.183
00000200635960,36.62.81.145
00000200633486,114.101.142.48
00000200633445,117.136.100.241
00000200635694,None
00000200635694,120.209.175.139
00000200635694,120.209.175.141
00000200635694,117.136.100.1
00000200633745,114.101.143.2
00000200633745,183.162.38.4
00000200641928,223.104.33.34
00000200634924,120.210.172.147
00000200641648,117.136.100.206
00000200641648,124.113.197.149
00000200638465,36.62.62.108
00000200582800,114.104.70.100
00000200588982,117.136.100.78
00000200588982,117.136.100.42
00000200588982,117.136.101.245
00000200588982,117.136.100.51
00000200588982,117.136.100.71
00000200576576,183.166.113.126
00000200576576,114.100.132.73
00000200576576,183.166.41.182
00000200576576,114.100.128.79
00000200600990,123.150.243.212
00000200577250,183.162.18.65
00000200588455,100.83.60.4
00000200574818,223.104.33.90
00000200588437,223.104.18.200
00000200588437,223.104.34.90
00000200598725,117.136.100.186
00000200598725,117.136.100.117
00000200598725,117.136.100.35
00000200594974,117.136.100.243
00000200576358,112.26.227.13
00000200598075,223.104.33.91
00000200598075,117.136.94.246
00000200598075,117.136.77.236
00000200579015,None
00000200579015,58.243.254.253
00000200579015,58.243.250.61
00000200579015,58.243.254.119
00000200619096,223.104.18.206
00000200619096,223.104.33.105
00000200619096,100.82.31.20
00000200604554,100.115.0.90
00000200607360,183.162.50.60
00000200607360,117.57.228.61
00000200609372,223.104.34.82
00000200609372,223.104.18.153
00000200609372,117.136.100.194
00000200626324,223.245.227.5
00000200624530,114.101.239.66
00000200623853,118.212.135.112
00000200628660,221.177.252.25
00000200610660,36.59.238.139
00000200622508,122.228.62.148
00000200636331,117.136.100.16
00000200636331,223.104.34.45
00000200636331,223.104.34.92
00000200638773,58.243.250.199
00000200638773,58.243.250.16
00000200638773,58.243.254.252
00000200638773,59.63.170.60
00000200635344,223.104.33.46
00000200635344,112.26.77.145
00000200635344,60.173.239.227
00000200639406,58.242.44.37
00000200637309,123.157.224.230
00000200637309,58.243.250.107
00000200636643,223.104.18.212
00000200636643,100.115.2.192
00000200636643,58.243.72.49
00000200636643,183.162.35.48
00000200636643,183.162.50.158
00000200635960,117.136.100.201
00000200635960,223.104.34.111
00000200635960,223.104.18.28
00000200635960,223.104.18.186
00000200635960,223.104.34.43
00000200635960,223.104.33.151
00000200633486,114.101.140.192
00000200635694,117.136.101.103
00000200635828,58.243.250.191
00000200635877,114.101.154.185
00000200633745,117.69.9.200
00000200642527,183.166.5.209
00000200642527,114.101.251.190
00000200634924,183.166.124.146
00000200641648,117.136.81.91
00000200568987,112.26.227.71
00000200572662,211.137.185.8
00000200575951,183.162.40.181
00000200575951,183.166.41.186
00000200575951,183.162.39.220
00000200575951,223.215.227.220
00000200582800,112.26.74.156
00000200588982,117.136.100.24
00000200588982,223.104.33.94
00000200587706,223.104.34.35
00000200576576,117.57.211.66
00000200576576,223.244.65.13
00000200576576,114.100.143.208
00000200576576,117.57.221.255
00000200577250,223.244.65.116
00000200577250,223.244.123.221
00000200588455,100.83.51.238
00000200588455,223.104.18.244
00000200588447,223.104.18.185
00000200588437,211.141.183.106
00000200588437,120.210.238.24
00000200588437,223.104.33.123
00000200598725,223.104.34.70
00000200598725,117.136.100.83
00000200595261,223.244.79.115
00000200594974,117.136.101.82
00000200574638,117.136.101.19
00000200598075,117.136.94.249
00000200598075,117.136.101.170
00000200579015,58.243.250.247
00000200579015,58.243.250.235
00000200618425,223.245.193.229
00000200618425,183.162.32.209
00000200619096,112.26.227.201
00000200619096,120.210.172.158
00000200619096,117.136.100.234
00000200627199,None
00000200604554,100.115.88.245
00000200607360,223.244.65.115
00000200609372,223.104.34.124
00000200626324,58.242.245.178
00000200626324,223.104.18.11
00000200626324,223.104.34.67
00000200607534,223.104.33.121
00000200607534,112.122.206.208
00000200624530,117.136.100.56
00000200624530,223.104.33.25
00000200624530,117.71.154.50
00000200624530,223.104.18.230
00000200610660,36.58.237.6
00000200610660,223.240.244.75
00000200615758,122.228.62.148
00000200613931,223.104.18.43
00000200636331,223.104.34.21
00000200636331,117.136.100.90
00000200636331,117.136.100.232
00000200636331,211.138.184.201
00000200636331,117.136.101.103
00000200636331,114.101.154.249
00000200638773,58.243.250.116
00000200638773,59.63.170.59
00000200635344,112.26.227.129
00000200636833,223.104.34.125
00000200636643,223.104.18.247
00000200636643,None
00000200636643,112.26.227.67
00000200636643,58.243.73.115
00000200636643,183.162.46.212
00000200636643,58.243.75.229
00000200639324,61.191.40.75
00000200631629,117.136.100.63
00000200635960,117.136.100.130
00000200635960,223.104.34.115
00000200635960,223.104.33.1
00000200635960,223.104.33.23
00000200635960,223.104.18.56
00000200635960,36.62.62.102
00000200635960,117.136.101.216
00000200633445,223.104.33.97
00000200636949,117.136.100.82
00000200635877,36.6.40.162
00000200633745,183.162.5.178
00000200633745,220.178.205.138
00000200634631,220.178.202.3
00000200641928,223.104.33.90
00000200641928,183.162.43.42
00000200641648,60.171.16.20
