200566645,58.20.161.30
200572662,218.202.106.201
200571142,112.122.200.234
200575951,117.57.209.84
200588982,117.136.100.252
200588982,117.136.100.119
200588982,117.136.100.47
200588982,117.136.101.142
200588982,36.59.237.109
200576576,183.166.116.85
200577250,183.162.8.51
200588455,117.136.100.139
200588455,100.83.51.194
200588455,36.59.236.251
200588437,223.104.33.14
200588437,120.210.238.16
200598725,117.136.100.187
200598725,117.136.100.229
200598725,117.136.101.143
200598725,223.104.34.41
200576358,112.26.227.45
200576358,58.242.245.179
200576358,112.26.227.54
200574638,117.136.100.14
200574638,117.136.100.146
200598075,223.104.33.18
200598075,117.136.94.68
200598075,117.136.93.201
200579015,58.243.250.126
200579015,58.243.250.47
200618134,117.57.236.253
200618425,183.162.32.175
200618425,223.215.232.177
200618425,60.171.25.132
200619096,223.104.34.111
200627199,117.71.19.54
200607360,None
200609372,223.104.33.68
200609372,117.136.101.25
200609372,223.104.18.5
200623648,223.245.201.223
200623648,223.245.234.35
200626329,58.242.44.37
200626324,58.242.44.34
200626324,223.104.33.18
200626324,58.242.245.180
200630756,59.63.170.57
200610660,58.242.44.35
200610660,58.242.44.36
200610660,36.58.239.15
200610660,117.57.210.198
200622508,59.63.170.56
200622508,117.136.100.210
200636331,221.130.131.241
200636331,125.39.170.247
200636331,117.136.100.115
200636331,120.209.175.141
200638773,58.243.250.138
200638043,60.175.103.182
200635344,117.136.101.120
200637309,220.170.90.105
200637309,58.243.254.20
200636643,223.104.33.42
200636643,223.215.241.148
200636643,223.104.34.52
200636643,183.162.38.176
200636643,183.162.20.69
200637338,117.136.66.100
200635960,117.136.100.218
200635960,36.62.81.250
200633486,114.101.132.26
200635694,120.209.175.143
200635694,221.130.131.241
200635877,114.100.152.171
200633745,183.162.1.188
200641928,183.162.41.242
200641648,223.244.106.105
200566645,123.150.243.217
200566444,223.104.18.57
200566444,223.104.33.112
200566471,117.136.100.250
200566471,None
200571142,223.245.220.90
200575951,183.166.122.22
200582800,117.68.42.78
200588982,117.136.100.164
200588982,117.136.100.202
200588982,223.104.34.100
200588982,117.136.100.30
200588982,117.136.100.7
200587706,114.101.216.186
200576576,61.191.40.75
200600990,60.28.112.77
200600990,123.150.243.213
200588455,100.83.122.81
200588455,223.244.124.49
200588455,223.104.18.99
200588447,223.104.33.30
200588437,223.104.33.48
200588437,223.104.18.15
200598725,117.136.100.196
200598725,223.104.33.41
200598725,223.104.34.93
200598725,223.104.18.158
200595261,114.101.230.121
200595261,114.101.214.8
200595261,114.101.230.184
200584475,36.32.199.149
200584475,36.33.203.222
200594974,223.104.34.3
200594974,220.178.202.162
200574745,223.104.33.117
200574745,223.104.18.36
200574638,223.104.18.166
200598075,117.136.94.176
200579015,58.243.254.91
200579015,120.210.172.167
200618425,124.113.214.45
200619096,120.210.172.149
200619096,117.136.100.109
200627199,117.71.19.59
200627199,117.71.19.52
200607360,183.162.32.196
200609372,100.115.21.87
200609372,117.136.101.108
200626329,None
200626324,None
200624530,223.244.76.233
200610660,223.240.249.189
200610660,36.58.238.137
200611528,117.136.100.94
200622745,223.244.76.233
200622745,223.104.18.230
200636331,120.209.175.143
200636331,60.175.111.150
200636331,117.136.100.175
200638773,58.243.250.67
200638773,59.63.170.57
200638773,59.63.170.58
200635344,223.104.33.35
200635344,223.104.33.156
200635344,223.104.33.176
200637309,58.243.250.86
200637309,58.243.254.15
200636643,183.162.41.83
200636643,223.104.18.211
200636643,223.215.240.43
200636643,100.115.66.60
200636643,112.26.227.60
200636643,100.83.132.163
200636643,120.210.238.22
200636643,58.243.75.27
200636643,183.162.18.211
200637338,223.104.33.78
200639324,36.58.237.142
200631629,117.136.101.241
200635960,223.104.18.153
200635960,117.136.101.156
200635960,36.62.62.165
200635877,60.175.88.20
200633745,114.101.142.48
200641928,183.162.4.196
200566444,100.83.127.207
200566444,223.104.18.44
200566471,120.209.41.104
200566471,222.44.86.177
200575951,183.162.43.215
200575951,114.100.136.9
200588982,117.136.101.240
200588982,223.104.33.102
200588982,117.136.100.54
200588982,117.136.101.3
200588982,117.136.101.99
200588982,223.104.33.21
200588982,117.136.101.174
200588982,223.104.18.23
200576576,None
200576576,183.166.123.251
200600990,58.243.254.210
200577250,183.162.1.239
200577250,117.57.212.141
200577250,183.162.20.73
200577250,117.57.227.110
200588455,223.104.18.210
200588455,100.83.23.142
200588455,100.83.51.183
200588437,223.104.33.13
200598725,223.104.34.48
200598725,117.136.101.244
200595261,114.101.225.212
200584475,223.104.34.46
200594974,None
200598075,None
200598075,117.136.101.248
200598075,223.104.18.177
200598075,117.136.77.152
200598075,117.136.77.142
200618425,183.162.35.182
200618425,223.245.217.121
200618425,117.57.238.191
200619096,112.26.227.225
200619096,223.104.18.236
200619096,112.26.227.239
200619096,223.104.34.59
200619096,223.104.18.165
200627199,117.71.19.62
200607360,183.162.19.6
200609372,100.115.76.125
200626324,223.104.34.55
200626324,117.136.100.92
200629020,223.244.70.141
200624530,58.243.250.95
200610660,36.59.236.21
200610660,36.58.238.4
200610660,58.242.245.180
200622508,59.63.170.58
200636331,120.209.175.139
200636331,120.209.175.142
200636331,223.215.132.190
200636331,117.136.100.169
200636331,120.209.175.137
200636331,114.100.147.210
200636331,223.104.34.11
200638773,None
200638773,58.243.254.211
200638773,220.178.202.162
200638773,58.243.254.111
200637309,222.185.126.38
200636643,183.162.37.104
200636643,183.162.20.45
200636643,223.104.34.14
200636643,223.104.33.112
200636643,183.162.37.49
200639324,36.59.237.9
200635960,223.104.33.153
200633486,220.178.205.138
200635877,114.100.152.246
200633745,114.101.141.207
200633745,114.100.181.95
200641928,None
200566444,120.210.172.191
200566444,223.104.33.107
200572662,123.178.137.130
200575951,60.167.166.9
200582800,None
200582800,114.104.36.206
200582800,117.68.26.136
200588982,None
200588982,223.104.33.54
200588982,120.210.238.18
200588982,117.136.100.181
200588982,117.136.101.238
200576576,183.166.122.53
200576576,183.166.40.197
200576576,114.100.129.64
200577250,183.166.24.170
200588455,100.83.88.160
200588455,223.104.33.97
200588447,223.104.33.20
200588437,120.210.238.18
200588437,223.104.18.104
200588437,223.104.33.18
200598725,223.104.34.31
200598725,117.136.101.216
200598725,223.104.34.115
200598725,223.104.18.172
200598725,223.104.33.119
200598725,223.104.34.106
200598725,117.136.100.26
200598725,117.136.100.48
200598725,117.136.100.76
200598725,223.104.34.46
200598725,223.104.33.70
200584475,100.83.115.201
200584475,36.32.194.156
200584475,223.104.18.185
200584475,36.32.193.140
200594974,117.136.101.92
200594974,120.209.46.47
200576358,112.26.227.49
200574745,223.245.230.130
200574638,223.104.34.42
200574638,223.104.18.135
200598075,58.242.245.178
200598075,117.136.9.11
200598075,117.136.101.175
200579015,112.26.227.249
200618425,223.215.227.96
200618425,183.166.40.144
200619096,223.104.34.114
200607360,218.22.167.10
200626329,117.136.100.65
200626329,117.136.101.48
200626324,223.104.34.123
200624530,117.136.101.89
200629259,58.243.250.220
200611528,223.104.34.12
200636331,114.100.155.172
200636331,222.161.208.243
200636331,60.175.107.116
200636331,117.136.100.211
200638773,58.243.250.34
200638773,112.26.70.185
200638773,58.243.254.158
200635344,112.26.77.179
200639406,None
200639406,58.242.245.178
200637309,58.243.250.147
200637309,58.243.254.252
200636643,100.83.128.190
200636643,112.26.227.170
200636643,223.104.34.20
200636643,223.104.18.39
200636643,58.243.75.249
200636643,112.122.196.180
200636643,223.215.240.104
200636643,36.59.238.18
200637338,124.79.60.90
200639324,36.58.237.15
200631629,117.136.100.190
200635960,223.104.18.23
200635960,223.104.34.14
200633486,183.162.1.188
200633445,223.104.18.17
200635694,120.209.175.138
200635694,117.136.100.211
200635828,112.122.3.152
200635877,36.6.6.39
200635877,223.245.247.75
200641928,183.162.26.169
200641928,223.104.18.138
200641928,223.104.18.113
200641648,36.56.50.224
200641648,223.104.33.113
200641648,223.104.34.82
200568987,58.20.161.29
200568987,123.150.243.217
200572662,218.202.131.227
200572662,221.130.131.241
200572662,112.26.227.98
200572662,211.138.184.201
200566471,222.44.86.181
200575951,183.162.42.134
200588982,223.104.34.4
200588982,117.136.101.68
200588982,223.104.34.94
200576576,114.100.132.85
200577250,183.162.13.92
200588455,100.83.88.74
200588455,100.83.156.167
200588437,223.104.18.51
200588437,117.136.101.83
200598725,117.136.100.38
200598725,117.136.100.212
200598725,117.136.101.180
200598725,223.104.34.123
200598725,223.104.18.51
200584475,183.166.86.252
200584475,36.32.199.144
200584475,120.209.175.139
200576358,112.26.77.138
200576358,112.26.77.148
200598075,223.245.227.5
200598075,58.242.44.34
200598075,117.136.94.210
200598075,223.104.2.25
200600089,100.83.179.188
200579015,58.243.250.226
200579015,58.243.254.29
200579015,58.243.250.166
200618134,None
200618425,183.162.23.239
200627199,117.71.19.51
200604554,100.115.23.171
200607360,183.166.118.149
200607360,114.100.133.146
200609372,117.136.101.184
200609372,223.104.34.119
200609372,223.104.18.242
200609372,None
200609372,117.57.204.83
200609372,223.104.33.105
200609372,223.104.34.19
200626329,223.104.18.85
200626324,58.242.245.179
200626324,117.136.100.137
200624530,117.136.100.216
200622745,117.136.100.56
200622745,223.104.18.15
200622745,223.104.34.113
200636331,120.209.175.140
200636331,58.242.244.18
200636331,120.209.175.138
200636331,117.136.101.138
200638773,58.243.250.84
200638773,58.243.250.102
200638773,58.243.250.218
200638773,58.243.254.101
200638773,58.243.254.116
200638773,58.243.250.151
200638773,58.243.254.133
200638773,58.243.250.39
200638043,183.162.25.87
200637309,123.155.118.128
200637309,58.243.250.110
200636643,223.104.34.16
200636643,117.136.101.25
200636643,223.104.18.201
200636643,112.26.227.94
200636643,100.83.101.43
200636643,112.122.196.235
200636643,117.136.24.253
200635960,36.62.60.100
200635960,36.62.60.97
200635960,117.136.100.31
200635960,223.104.34.56
200635694,120.209.175.142
200633745,117.71.150.13
200642527,183.166.7.2
200641648,117.136.101.212
200641648,36.56.57.223
200568987,58.242.240.134
200572662,120.209.175.138
200572662,58.243.254.117
200566471,111.161.31.89
200571142,114.101.150.54
200596231,220.178.209.163
200575951,223.244.121.224
200575951,183.162.16.220
200582800,60.173.133.48
200588982,223.104.34.33
200588982,117.136.101.135
200588982,223.104.33.33
200588982,223.104.18.144
200588982,223.104.18.159
200588982,117.57.219.78
200588982,223.104.18.156
200588982,223.104.34.56
200576576,223.245.193.85
200577250,117.57.217.186
200577250,183.166.116.49
200577250,183.162.19.28
200588455,100.83.62.103
200588455,223.104.18.10
200588455,100.83.82.217
200588455,36.59.238.91
200588455,None
200574818,183.166.125.105
200588437,223.104.18.158
200598725,117.136.100.93
200598725,117.136.100.30
200598725,223.104.34.80
200598725,117.136.101.93
200598725,117.136.101.84
200598725,117.136.100.204
200595261,114.101.211.247
200595261,223.245.210.75
200576358,112.26.77.168
200578916,183.166.122.143
200598075,223.104.34.119
200598075,117.136.100.95
200598075,223.104.34.115
200598075,117.136.77.215
200598075,117.136.94.91
200579015,218.22.167.10
200579015,58.243.254.244
200579015,58.243.250.231
200618425,183.166.117.249
200618425,183.162.46.100
200618425,117.57.224.80
200619096,112.26.227.213
200627199,218.77.90.20
200609372,117.136.100.230
200609372,223.104.34.55
200609372,114.100.190.51
200609372,223.104.34.107
200609372,223.104.18.215
200623648,223.104.34.18
200626324,223.104.18.130
200626324,117.136.100.189
200626324,223.104.33.82
200624530,223.104.18.15
200624530,223.104.34.113
200629259,58.242.245.179
200610660,36.59.238.136
200610660,None
200622745,117.71.154.50
200636331,120.209.175.136
200638773,58.243.254.173
200639406,117.136.101.249
200637309,123.155.121.231
200636643,100.115.68.117
200636643,183.162.34.65
200636643,112.26.227.22
200636643,58.243.72.121
200636643,183.162.50.157
200637338,58.243.73.153
200639324,36.58.236.142
200639324,36.59.237.142
200639324,36.59.238.0
200631629,117.136.101.84
200635960,223.104.18.79
200635960,223.104.33.173
200635960,120.210.238.19
200635960,117.136.100.162
200635960,223.104.18.219
200633486,114.101.141.207
200633486,114.101.142.48
200633445,117.136.100.241
200635694,120.209.175.139
200635694,None
200635694,120.209.175.141
200635877,60.175.107.149
200633745,114.101.143.2
200633745,183.162.38.4
200634924,120.210.172.147
200641648,117.136.100.206
200582800,114.104.70.100
200588982,223.104.34.7
200588982,117.136.100.78
200588982,117.136.100.42
200588982,117.136.101.245
200588982,117.136.100.51
200588982,117.136.100.71
200576576,114.100.132.195
200576576,223.245.192.115
200576576,183.166.113.126
200600990,123.150.243.212
200577250,183.162.18.65
200588455,117.136.100.161
200588455,100.83.60.4
200588447,223.104.33.43
200588437,223.104.18.200
200598725,223.104.34.29
200598725,117.136.101.21
200598725,223.104.34.1
200598725,117.136.100.186
200598725,117.136.100.117
200594974,223.104.33.70
200574638,223.104.34.66
200598075,223.104.33.24
200598075,223.104.33.91
200598075,117.136.94.246
200598075,117.136.77.236
200579015,None
200579015,58.243.254.253
200579015,58.243.250.61
200618425,183.166.113.171
200619096,120.210.172.166
200619096,223.104.18.206
200619096,223.104.33.105
200619096,100.82.31.20
200627199,114.104.38.167
200627199,36.59.236.148
200607360,183.162.16.168
200607360,183.162.50.60
200609372,183.166.10.18
200609372,223.104.34.82
200623648,223.104.18.186
200626329,58.242.245.179
200626324,223.245.227.5
200624530,114.101.239.66
200623853,118.212.135.112
200628660,221.177.252.25
200629259,None
200610660,36.59.238.139
200622508,59.63.170.59
200622508,122.228.62.148
200636331,223.104.34.70
200636331,183.166.117.62
200636331,60.175.108.80
200636331,117.136.100.16
200636331,223.104.34.45
200638773,58.243.254.250
200638773,58.243.250.141
200638773,58.243.250.70
200638773,58.243.254.40
200638773,58.243.250.199
200638773,58.243.250.16
200635344,60.173.239.227
200635344,223.104.33.46
200635344,112.26.77.145
200639406,117.136.82.11
200639406,58.242.44.37
200637309,58.243.254.3
200637309,58.211.208.182
200637309,123.157.224.230
200636643,223.104.18.212
200636643,100.115.2.192
200636643,58.243.72.49
200636643,183.162.35.48
200631629,223.104.18.49
200635960,117.136.100.201
200635960,223.104.34.111
200635960,223.104.18.28
200635960,223.104.18.186
200635828,58.243.250.191
200635877,114.101.154.185
200633745,114.101.129.52
200642527,183.166.5.209
200568987,123.151.186.250
200568987,112.26.227.71
200566645,None
200566645,58.20.161.29
200572662,211.137.185.8
200596231,112.26.227.8
200575951,183.162.40.181
200588982,117.136.101.169
200588982,117.136.100.212
200588982,117.136.100.24
200588982,223.104.33.94
200587706,223.104.34.35
200576576,117.57.211.66
200576576,223.244.65.13
200576576,114.100.143.208
200577250,183.162.40.52
200577250,223.244.65.116
200588455,100.83.51.238
200588455,223.104.18.244
200588447,223.104.18.16
200588447,223.104.33.106
200588437,211.141.183.106
200588437,120.210.238.24
200598725,117.136.100.174
200598725,223.104.18.23
200598725,223.104.34.70
200595261,223.244.79.115
200584475,117.136.101.144
200574638,117.136.101.19
200598075,117.136.100.159
200598075,117.136.94.249
200579015,58.243.250.247
200618134,117.57.212.194
200618425,223.245.193.229
200618425,183.162.32.209
200619096,112.26.227.201
200619096,120.210.172.158
200619096,117.136.100.234
200604554,100.115.77.243
200604554,100.115.88.245
200607360,223.244.65.115
200609372,223.104.34.124
200626324,58.242.245.178
200626324,117.136.100.214
200626324,223.104.34.23
200626324,223.104.18.11
200626324,223.104.34.67
200607534,223.104.33.121
200624530,117.136.100.56
200624530,223.104.33.25
200624530,117.71.154.50
200624530,223.104.18.230
200610660,223.245.227.5
200610660,36.58.237.6
200610660,223.240.244.75
200622745,58.243.250.95
200615758,122.228.62.148
200613931,223.104.18.43
200636331,211.138.184.201
200636331,223.104.34.55
200636331,223.104.34.21
200636331,117.136.100.90
200636331,117.136.100.232
200638773,58.243.250.248
200638773,58.243.250.123
200638773,58.243.250.116
200638773,59.63.170.59
200635344,112.26.227.129
200636833,223.104.34.125
200636643,None
200636643,223.104.18.48
200636643,183.162.44.91
200636643,112.26.227.212
200636643,117.136.100.82
200636643,223.104.18.83
200636643,223.104.18.247
200636643,112.26.227.67
200636643,58.243.73.115
200636643,183.162.46.212
200639324,61.191.40.75
200635960,117.136.101.91
200635960,117.136.100.130
200635960,223.104.34.115
200635960,223.104.33.1
200633486,114.101.129.52
200633445,223.104.33.97
200635877,114.101.158.203
200635877,60.175.108.246
200635877,114.101.157.216
200635877,36.6.40.162
200633745,114.101.132.26
200633745,220.178.205.138
200633745,183.162.10.160
200633745,183.162.5.178
200641928,223.104.33.90
200641648,60.171.16.20
